id;report_model_name;report_medium_type;report_password
1;Strategist Yemeni Rial Shoals;EXCEL;Small Fresh Gloves
2;Buckinghamshire compress;EXCEL;partnerships Terrace Hat
3;calculating conglomeration bypassing;EXCEL;Liaison Grocery capacitor
4;applications invoice unleash;EXCEL;e-services
5;program override red;EXCEL;Vietnam Mouse
6;SDD;EXCEL;Auto Loan Account
7;4th generation;EXCEL;Music Savings Account
8;Ethiopian Birr architectures;EXCEL;Handcrafted Rubber Gloves
9;South Carolina;EXCEL;Circles
10;disintermediate Walks Credit Card Account;EXCEL;XSS solid state Handmade Granite Fish
